<TICKER>,<PER>,<DATE>,<TIME>,<OPEN>,<HIGH>,<LOW>,<CLOSE>,<VOL>
SPFB.RTS-9.18,15,20180903,100000,108960.0000000,109280.0000000,108660.0000000,109220.0000000,15333
SPFB.RTS-9.18,15,20180903,101500,109220.0000000,109260.0000000,108740.0000000,108810.0000000,11148
SPFB.RTS-9.18,15,20180903,103000,108800.0000000,109200.0000000,108690.0000000,109110.0000000,8189
SPFB.RTS-9.18,15,20180903,104500,109110.0000000,109150.0000000,108930.0000000,109040.0000000,4518
SPFB.RTS-9.18,15,20180903,110000,109040.0000000,109340.0000000,108900.0000000,109190.0000000,8527
SPFB.RTS-9.18,15,20180903,111500,109190.0000000,109210.0000000,108680.0000000,108910.0000000,9343
SPFB.RTS-9.18,15,20180903,113000,108900.0000000,108980.0000000,108810.0000000,108810.0000000,3750
SPFB.RTS-9.18,15,20180903,114500,108810.0000000,108910.0000000,108550.0000000,108570.0000000,7398
SPFB.RTS-9.18,15,20180903,120000,108580.0000000,108720.0000000,108430.0000000,108700.0000000,9282
SPFB.RTS-9.18,15,20180903,121500,108700.0000000,108770.0000000,108610.0000000,108640.0000000,3753
SPFB.RTS-9.18,15,20180903,123000,108640.0000000,108720.0000000,108380.0000000,108410.0000000,3771
SPFB.RTS-9.18,15,20180903,124500,108400.0000000,108490.0000000,108320.0000000,108410.0000000,3743
SPFB.RTS-9.18,15,20180903,130000,108400.0000000,108540.0000000,108250.0000000,108500.0000000,6431
SPFB.RTS-9.18,15,20180903,131500,108500.0000000,108630.0000000,108430.0000000,108520.0000000,3910
SPFB.RTS-9.18,15,20180903,133000,108520.0000000,108550.0000000,108310.0000000,108470.0000000,3925
SPFB.RTS-9.18,15,20180903,134500,108480.0000000,108620.0000000,108450.0000000,108620.0000000,2702
SPFB.RTS-9.18,15,20180903,140000,108620.0000000,108690.0000000,108480.0000000,108560.0000000,4221
SPFB.RTS-9.18,15,20180903,141500,108580.0000000,108630.0000000,108490.0000000,108520.0000000,2993
SPFB.RTS-9.18,15,20180903,143000,108510.0000000,108570.0000000,108420.0000000,108490.0000000,3131
SPFB.RTS-9.18,15,20180903,144500,108490.0000000,108650.0000000,108400.0000000,108520.0000000,5279
SPFB.RTS-9.18,15,20180903,150000,108520.0000000,108600.0000000,108410.0000000,108540.0000000,4878
SPFB.RTS-9.18,15,20180903,151500,108530.0000000,108590.0000000,108460.0000000,108580.0000000,4980
SPFB.RTS-9.18,15,20180903,153000,108580.0000000,108700.0000000,108470.0000000,108690.0000000,3453
SPFB.RTS-9.18,15,20180903,154500,108690.0000000,108740.0000000,108540.0000000,108560.0000000,3972
SPFB.RTS-9.18,15,20180903,160000,108560.0000000,108650.0000000,108520.0000000,108640.0000000,3278
SPFB.RTS-9.18,15,20180903,161500,108640.0000000,108740.0000000,108610.0000000,108740.0000000,3442
SPFB.RTS-9.18,15,20180903,163000,108740.0000000,108840.0000000,108620.0000000,108630.0000000,5518
SPFB.RTS-9.18,15,20180903,164500,108630.0000000,108720.0000000,108570.0000000,108710.0000000,2907
SPFB.RTS-9.18,15,20180903,170000,108710.0000000,108730.0000000,108410.0000000,108430.0000000,4905
SPFB.RTS-9.18,15,20180903,171500,108430.0000000,108550.0000000,108350.0000000,108510.0000000,4136
SPFB.RTS-9.18,15,20180903,173000,108520.0000000,108610.0000000,108070.0000000,108210.0000000,12626
SPFB.RTS-9.18,15,20180903,174500,108210.0000000,108370.0000000,108160.0000000,108350.0000000,6944
SPFB.RTS-9.18,15,20180903,180000,108350.0000000,108400.0000000,108150.0000000,108270.0000000,5913
SPFB.RTS-9.18,15,20180903,181500,108280.0000000,108320.0000000,108130.0000000,108190.0000000,4636
SPFB.RTS-9.18,15,20180903,183000,108200.0000000,108500.0000000,108140.0000000,108480.0000000,8258
SPFB.RTS-9.18,15,20180903,190000,108480.0000000,108530.0000000,108350.0000000,108380.0000000,2695
SPFB.RTS-9.18,15,20180903,191500,108380.0000000,108560.0000000,108380.0000000,108470.0000000,1425
SPFB.RTS-9.18,15,20180903,193000,108470.0000000,108600.0000000,108470.0000000,108490.0000000,1385
SPFB.RTS-9.18,15,20180903,194500,108490.0000000,108620.0000000,108480.0000000,108520.0000000,1179
SPFB.RTS-9.18,15,20180903,200000,108540.0000000,108760.0000000,108510.0000000,108670.0000000,2716
SPFB.RTS-9.18,15,20180903,201500,108670.0000000,108710.0000000,108590.0000000,108620.0000000,2149
SPFB.RTS-9.18,15,20180903,203000,108630.0000000,108650.0000000,108570.0000000,108630.0000000,593
SPFB.RTS-9.18,15,20180903,204500,108610.0000000,108620.0000000,108550.0000000,108580.0000000,974
SPFB.RTS-9.18,15,20180903,210000,108580.0000000,108600.0000000,108560.0000000,108590.0000000,340
SPFB.RTS-9.18,15,20180903,211500,108600.0000000,108600.0000000,108580.0000000,108590.0000000,211
SPFB.RTS-9.18,15,20180903,213000,108590.0000000,108600.0000000,108530.0000000,108550.0000000,622
SPFB.RTS-9.18,15,20180903,214500,108550.0000000,108580.0000000,108530.0000000,108540.0000000,258
SPFB.RTS-9.18,15,20180903,220000,108540.0000000,108560.0000000,108500.0000000,108560.0000000,467
SPFB.RTS-9.18,15,20180903,221500,108550.0000000,108580.0000000,108530.0000000,108560.0000000,304
SPFB.RTS-9.18,15,20180903,223000,108550.0000000,108590.0000000,108550.0000000,108590.0000000,437
SPFB.RTS-9.18,15,20180903,224500,108590.0000000,108590.0000000,108520.0000000,108550.0000000,335
SPFB.RTS-9.18,15,20180903,230000,108560.0000000,108600.0000000,108520.0000000,108580.0000000,397
SPFB.RTS-9.18,15,20180903,231500,108580.0000000,108640.0000000,108570.0000000,108630.0000000,548
SPFB.RTS-9.18,15,20180903,233000,108610.0000000,108650.0000000,108570.0000000,108610.0000000,593
SPFB.RTS-9.18,15,20180903,234500,108610.0000000,108650.0000000,108580.0000000,108590.0000000,391
SPFB.RTS-9.18,15,20180904,100000,108570.0000000,108640.0000000,108360.0000000,108520.0000000,13546
SPFB.RTS-9.18,15,20180904,101500,108530.0000000,108630.0000000,108440.0000000,108520.0000000,5612
SPFB.RTS-9.18,15,20180904,103000,108530.0000000,108810.0000000,108460.0000000,108800.0000000,9300
SPFB.RTS-9.18,15,20180904,104500,108790.0000000,108820.0000000,108420.0000000,108540.0000000,9796
SPFB.RTS-9.18,15,20180904,110000,108550.0000000,108690.0000000,108310.0000000,108600.0000000,11158
SPFB.RTS-9.18,15,20180904,111500,108600.0000000,108680.0000000,108530.0000000,108640.0000000,4592
SPFB.RTS-9.18,15,20180904,113000,108630.0000000,108660.0000000,108450.0000000,108510.0000000,7355
SPFB.RTS-9.18,15,20180904,114500,108510.0000000,108560.0000000,108150.0000000,108160.0000000,13846
SPFB.RTS-9.18,15,20180904,120000,108150.0000000,108190.0000000,107660.0000000,107970.0000000,34222
SPFB.RTS-9.18,15,20180904,121500,107970.0000000,108140.0000000,107850.0000000,108140.0000000,10229
SPFB.RTS-9.18,15,20180904,123000,108120.0000000,108270.0000000,107950.0000000,108090.0000000,8102
SPFB.RTS-9.18,15,20180904,124500,108080.0000000,108210.0000000,107810.0000000,107920.0000000,6776
SPFB.RTS-9.18,15,20180904,130000,107920.0000000,108090.0000000,107760.0000000,108020.0000000,8877
SPFB.RTS-9.18,15,20180904,131500,108020.0000000,108050.0000000,107860.0000000,107880.0000000,3654
SPFB.RTS-9.18,15,20180904,133000,107870.0000000,108050.0000000,107770.0000000,107880.0000000,7803
SPFB.RTS-9.18,15,20180904,134500,107880.0000000,108000.0000000,107820.0000000,107910.0000000,3782
SPFB.RTS-9.18,15,20180904,140000,107900.0000000,107940.0000000,107610.0000000,107760.0000000,7140
SPFB.RTS-9.18,15,20180904,141500,107760.0000000,107810.0000000,107560.0000000,107630.0000000,8572
SPFB.RTS-9.18,15,20180904,143000,107620.0000000,107730.0000000,107540.0000000,107680.0000000,6987
SPFB.RTS-9.18,15,20180904,144500,107680.0000000,107730.0000000,107480.0000000,107580.0000000,7267
SPFB.RTS-9.18,15,20180904,150000,107580.0000000,107650.0000000,107460.0000000,107530.0000000,4808
SPFB.RTS-9.18,15,20180904,151500,107510.0000000,107690.0000000,107500.0000000,107690.0000000,3924
SPFB.RTS-9.18,15,20180904,153000,107690.0000000,107800.0000000,107620.0000000,107740.0000000,4446
SPFB.RTS-9.18,15,20180904,154500,107750.0000000,107770.0000000,107630.0000000,107720.0000000,3141
SPFB.RTS-9.18,15,20180904,160000,107720.0000000,107760.0000000,107530.0000000,107540.0000000,4820
SPFB.RTS-9.18,15,20180904,161500,107540.0000000,107660.0000000,107390.0000000,107470.0000000,8768
SPFB.RTS-9.18,15,20180904,163000,107450.0000000,107540.0000000,107300.0000000,107430.0000000,10651
SPFB.RTS-9.18,15,20180904,164500,107420.0000000,107500.0000000,107300.0000000,107500.0000000,8996
SPFB.RTS-9.18,15,20180904,170000,107500.0000000,107720.0000000,107390.0000000,107650.0000000,11132
SPFB.RTS-9.18,15,20180904,171500,107650.0000000,107990.0000000,107560.0000000,107840.0000000,14047
SPFB.RTS-9.18,15,20180904,173000,107850.0000000,107950.0000000,107640.0000000,107660.0000000,7872
SPFB.RTS-9.18,15,20180904,174500,107650.0000000,108050.0000000,107570.0000000,108000.0000000,10661
SPFB.RTS-9.18,15,20180904,180000,107990.0000000,108040.0000000,107700.0000000,107750.0000000,8145
SPFB.RTS-9.18,15,20180904,181500,107750.0000000,108030.0000000,107620.0000000,107840.0000000,12544
SPFB.RTS-9.18,15,20180904,183000,107850.0000000,107940.0000000,107740.0000000,107930.0000000,8164
SPFB.RTS-9.18,15,20180904,190000,107850.0000000,107880.0000000,107700.0000000,107760.0000000,8458
SPFB.RTS-9.18,15,20180904,191500,107770.0000000,107860.0000000,107660.0000000,107810.0000000,4214
SPFB.RTS-9.18,15,20180904,193000,107810.0000000,107900.0000000,107760.0000000,107850.0000000,2826
SPFB.RTS-9.18,15,20180904,194500,107850.0000000,107940.0000000,107810.0000000,107820.0000000,2857
SPFB.RTS-9.18,15,20180904,200000,107820.0000000,107980.0000000,107820.0000000,107900.0000000,2150
SPFB.RTS-9.18,15,20180904,201500,107900.0000000,107910.0000000,107770.0000000,107870.0000000,2486
SPFB.RTS-9.18,15,20180904,203000,107870.0000000,107950.0000000,107820.0000000,107840.0000000,1477
SPFB.RTS-9.18,15,20180904,204500,107840.0000000,107890.0000000,107800.0000000,107880.0000000,1381
SPFB.RTS-9.18,15,20180904,210000,107880.0000000,107920.0000000,107840.0000000,107910.0000000,897
SPFB.RTS-9.18,15,20180904,211500,107920.0000000,107990.0000000,107870.0000000,107890.0000000,1320
SPFB.RTS-9.18,15,20180904,213000,107890.0000000,107900.0000000,107680.0000000,107730.0000000,2194
SPFB.RTS-9.18,15,20180904,214500,107730.0000000,107760.0000000,107650.0000000,107720.0000000,1711
SPFB.RTS-9.18,15,20180904,220000,107720.0000000,107730.0000000,107540.0000000,107570.0000000,2053
SPFB.RTS-9.18,15,20180904,221500,107570.0000000,107620.0000000,107460.0000000,107510.0000000,2580
SPFB.RTS-9.18,15,20180904,223000,107500.0000000,107540.0000000,107360.0000000,107390.0000000,2551
SPFB.RTS-9.18,15,20180904,224500,107400.0000000,107410.0000000,107230.0000000,107340.0000000,6359
SPFB.RTS-9.18,15,20180904,230000,107340.0000000,107640.0000000,107340.0000000,107520.0000000,2888
SPFB.RTS-9.18,15,20180904,231500,107530.0000000,107640.0000000,107520.0000000,107610.0000000,712
SPFB.RTS-9.18,15,20180904,233000,107600.0000000,107700.0000000,107590.0000000,107590.0000000,1453
SPFB.RTS-9.18,15,20180904,234500,107590.0000000,107620.0000000,107550.0000000,107590.0000000,785
SPFB.RTS-9.18,15,20180905,100000,107520.0000000,107520.0000000,107000.0000000,107060.0000000,18275
SPFB.RTS-9.18,15,20180905,101500,107070.0000000,107370.0000000,107040.0000000,107110.0000000,9203
SPFB.RTS-9.18,15,20180905,103000,107100.0000000,107360.0000000,107100.0000000,107350.0000000,6222
SPFB.RTS-9.18,15,20180905,104500,107340.0000000,107430.0000000,107250.0000000,107380.0000000,4660
SPFB.RTS-9.18,15,20180905,110000,107380.0000000,107540.0000000,107360.0000000,107420.0000000,6801
SPFB.RTS-9.18,15,20180905,111500,107430.0000000,107440.0000000,107110.0000000,107160.0000000,7628
SPFB.RTS-9.18,15,20180905,113000,107160.0000000,107450.0000000,107150.0000000,107310.0000000,6126
SPFB.RTS-9.18,15,20180905,114500,107320.0000000,107450.0000000,107260.0000000,107350.0000000,5288
SPFB.RTS-9.18,15,20180905,120000,107340.0000000,107670.0000000,107230.0000000,107590.0000000,8160
SPFB.RTS-9.18,15,20180905,121500,107590.0000000,107870.0000000,107580.0000000,107790.0000000,7694
SPFB.RTS-9.18,15,20180905,123000,107790.0000000,107890.0000000,107480.0000000,107540.0000000,8935
SPFB.RTS-9.18,15,20180905,124500,107540.0000000,107600.0000000,107370.0000000,107440.0000000,7890
SPFB.RTS-9.18,15,20180905,130000,107450.0000000,107570.0000000,107200.0000000,107210.0000000,7861
SPFB.RTS-9.18,15,20180905,131500,107220.0000000,107390.0000000,107170.0000000,107330.0000000,7027
SPFB.RTS-9.18,15,20180905,133000,107320.0000000,107430.0000000,107290.0000000,107410.0000000,4622
SPFB.RTS-9.18,15,20180905,134500,107420.0000000,107570.0000000,107350.0000000,107490.0000000,7764
SPFB.RTS-9.18,15,20180905,140000,107490.0000000,107670.0000000,107490.0000000,107570.0000000,6050
SPFB.RTS-9.18,15,20180905,141500,107580.0000000,107630.0000000,107460.0000000,107530.0000000,4299
SPFB.RTS-9.18,15,20180905,143000,107510.0000000,107730.0000000,107510.0000000,107580.0000000,5661
SPFB.RTS-9.18,15,20180905,144500,107570.0000000,107660.0000000,107420.0000000,107470.0000000,5720
SPFB.RTS-9.18,15,20180905,150000,107470.0000000,107500.0000000,107390.0000000,107470.0000000,3819
SPFB.RTS-9.18,15,20180905,151500,107460.0000000,107640.0000000,107330.0000000,107640.0000000,5419
SPFB.RTS-9.18,15,20180905,153000,107620.0000000,107650.0000000,107410.0000000,107410.0000000,3370
SPFB.RTS-9.18,15,20180905,154500,107410.0000000,107620.0000000,107410.0000000,107540.0000000,3557
SPFB.RTS-9.18,15,20180905,160000,107560.0000000,107690.0000000,107430.0000000,107650.0000000,6321
SPFB.RTS-9.18,15,20180905,161500,107630.0000000,107800.0000000,107570.0000000,107660.0000000,7838
SPFB.RTS-9.18,15,20180905,163000,107670.0000000,107670.0000000,107370.0000000,107430.0000000,10964
SPFB.RTS-9.18,15,20180905,164500,107440.0000000,107690.0000000,107240.0000000,107320.0000000,10752
SPFB.RTS-9.18,15,20180905,170000,107320.0000000,107390.0000000,107160.0000000,107170.0000000,10355
SPFB.RTS-9.18,15,20180905,171500,107160.0000000,107330.0000000,107130.0000000,107300.0000000,8591
SPFB.RTS-9.18,15,20180905,173000,107290.0000000,107330.0000000,107060.0000000,107240.0000000,9719
SPFB.RTS-9.18,15,20180905,174500,107230.0000000,107370.0000000,107180.0000000,107290.0000000,7440
SPFB.RTS-9.18,15,20180905,180000,107290.0000000,107310.0000000,107190.0000000,107250.0000000,4672
SPFB.RTS-9.18,15,20180905,181500,107230.0000000,107350.0000000,107150.0000000,107180.0000000,7670
SPFB.RTS-9.18,15,20180905,183000,107170.0000000,107270.0000000,106920.0000000,107190.0000000,18193
SPFB.RTS-9.18,15,20180905,190000,107190.0000000,107280.0000000,107080.0000000,107250.0000000,6607
SPFB.RTS-9.18,15,20180905,191500,107260.0000000,107400.0000000,107210.0000000,107330.0000000,5055
SPFB.RTS-9.18,15,20180905,193000,107320.0000000,107360.0000000,107280.0000000,107300.0000000,5788
SPFB.RTS-9.18,15,20180905,194500,107300.0000000,107400.0000000,107160.0000000,107160.0000000,3548
SPFB.RTS-9.18,15,20180905,200000,107170.0000000,107250.0000000,107130.0000000,107210.0000000,2087
SPFB.RTS-9.18,15,20180905,201500,107210.0000000,107310.0000000,107210.0000000,107270.0000000,1819
SPFB.RTS-9.18,15,20180905,203000,107270.0000000,107310.0000000,107190.0000000,107250.0000000,2294
SPFB.RTS-9.18,15,20180905,204500,107250.0000000,107270.0000000,107180.0000000,107260.0000000,2039
SPFB.RTS-9.18,15,20180905,210000,107260.0000000,107380.0000000,107200.0000000,107290.0000000,3356
SPFB.RTS-9.18,15,20180905,211500,107270.0000000,107400.0000000,107240.0000000,107350.0000000,2209
SPFB.RTS-9.18,15,20180905,213000,107360.0000000,107490.0000000,107340.0000000,107380.0000000,2096
SPFB.RTS-9.18,15,20180905,214500,107390.0000000,107400.0000000,107260.0000000,107350.0000000,1434
SPFB.RTS-9.18,15,20180905,220000,107340.0000000,107370.0000000,107250.0000000,107320.0000000,1816
SPFB.RTS-9.18,15,20180905,221500,107310.0000000,107390.0000000,107230.0000000,107280.0000000,1073
SPFB.RTS-9.18,15,20180905,223000,107280.0000000,107340.0000000,107210.0000000,107280.0000000,1137
SPFB.RTS-9.18,15,20180905,224500,107270.0000000,107330.0000000,107160.0000000,107210.0000000,2447
SPFB.RTS-9.18,15,20180905,230000,107220.0000000,107310.0000000,107210.0000000,107280.0000000,1028
SPFB.RTS-9.18,15,20180905,231500,107290.0000000,107300.0000000,107250.0000000,107280.0000000,581
SPFB.RTS-9.18,15,20180905,233000,107280.0000000,107290.0000000,107180.0000000,107210.0000000,1084
SPFB.RTS-9.18,15,20180905,234500,107220.0000000,107280.0000000,107080.0000000,107130.0000000,1387
SPFB.RTS-9.18,15,20180906,100000,107130.0000000,107220.0000000,106700.0000000,107070.0000000,19830
SPFB.RTS-9.18,15,20180906,101500,107080.0000000,107290.0000000,106970.0000000,107160.0000000,12952
SPFB.RTS-9.18,15,20180906,103000,107160.0000000,107260.0000000,107120.0000000,107170.0000000,6844
SPFB.RTS-9.18,15,20180906,104500,107160.0000000,107390.0000000,107060.0000000,107270.0000000,8989
SPFB.RTS-9.18,15,20180906,110000,107270.0000000,107430.0000000,107250.0000000,107410.0000000,6925
SPFB.RTS-9.18,15,20180906,111500,107410.0000000,107470.0000000,107330.0000000,107420.0000000,4569
SPFB.RTS-9.18,15,20180906,113000,107430.0000000,107480.0000000,107340.0000000,107430.0000000,4323
SPFB.RTS-9.18,15,20180906,114500,107440.0000000,107640.0000000,107410.0000000,107550.0000000,10747
SPFB.RTS-9.18,15,20180906,120000,107550.0000000,107860.0000000,107500.0000000,107800.0000000,11136
SPFB.RTS-9.18,15,20180906,121500,107800.0000000,107850.0000000,107760.0000000,107800.0000000,7371
SPFB.RTS-9.18,15,20180906,123000,107810.0000000,107870.0000000,107610.0000000,107610.0000000,7694
SPFB.RTS-9.18,15,20180906,124500,107610.0000000,107700.0000000,107550.0000000,107590.0000000,7271
SPFB.RTS-9.18,15,20180906,130000,107580.0000000,107700.0000000,107560.0000000,107620.0000000,4805
SPFB.RTS-9.18,15,20180906,131500,107630.0000000,107640.0000000,107450.0000000,107480.0000000,5928
SPFB.RTS-9.18,15,20180906,133000,107470.0000000,107620.0000000,107450.0000000,107590.0000000,4367
SPFB.RTS-9.18,15,20180906,134500,107590.0000000,107650.0000000,107510.0000000,107640.0000000,3275
SPFB.RTS-9.18,15,20180906,140000,107640.0000000,107670.0000000,107520.0000000,107560.0000000,2967
SPFB.RTS-9.18,15,20180906,141500,107570.0000000,107640.0000000,107520.0000000,107580.0000000,2859
SPFB.RTS-9.18,15,20180906,143000,107570.0000000,107640.0000000,107570.0000000,107610.0000000,1965
SPFB.RTS-9.18,15,20180906,144500,107610.0000000,107750.0000000,107570.0000000,107700.0000000,3873
SPFB.RTS-9.18,15,20180906,150000,107690.0000000,107750.0000000,107610.0000000,107610.0000000,3380
SPFB.RTS-9.18,15,20180906,151500,107610.0000000,107660.0000000,107530.0000000,107530.0000000,2640
SPFB.RTS-9.18,15,20180906,153000,107530.0000000,107620.0000000,107470.0000000,107470.0000000,4238
SPFB.RTS-9.18,15,20180906,154500,107480.0000000,107500.0000000,107120.0000000,107280.0000000,17398
SPFB.RTS-9.18,15,20180906,160000,107290.0000000,107330.0000000,106530.0000000,106690.0000000,28469
SPFB.RTS-9.18,15,20180906,161500,106680.0000000,106690.0000000,106150.0000000,106370.0000000,27326
SPFB.RTS-9.18,15,20180906,163000,106370.0000000,106520.0000000,106180.0000000,106220.0000000,18835
SPFB.RTS-9.18,15,20180906,164500,106220.0000000,106350.0000000,106070.0000000,106270.0000000,11421
SPFB.RTS-9.18,15,20180906,170000,106280.0000000,106480.0000000,106160.0000000,106200.0000000,12067
SPFB.RTS-9.18,15,20180906,171500,106200.0000000,106270.0000000,105930.0000000,105980.0000000,11120
SPFB.RTS-9.18,15,20180906,173000,105970.0000000,106180.0000000,105930.0000000,106130.0000000,8855
SPFB.RTS-9.18,15,20180906,174500,106130.0000000,106140.0000000,105860.0000000,105880.0000000,10625
SPFB.RTS-9.18,15,20180906,180000,105890.0000000,105980.0000000,105480.0000000,105550.0000000,23533
SPFB.RTS-9.18,15,20180906,181500,105540.0000000,105570.0000000,105170.0000000,105330.0000000,20354
SPFB.RTS-9.18,15,20180906,183000,105310.0000000,105530.0000000,105300.0000000,105300.0000000,11842
SPFB.RTS-9.18,15,20180906,190000,105520.0000000,105590.0000000,105210.0000000,105290.0000000,6353
SPFB.RTS-9.18,15,20180906,191500,105280.0000000,105440.0000000,105100.0000000,105150.0000000,8519
SPFB.RTS-9.18,15,20180906,193000,105140.0000000,105380.0000000,105110.0000000,105300.0000000,6041
SPFB.RTS-9.18,15,20180906,194500,105310.0000000,105390.0000000,105270.0000000,105300.0000000,1865
SPFB.RTS-9.18,15,20180906,200000,105290.0000000,105410.0000000,105260.0000000,105390.0000000,2311
SPFB.RTS-9.18,15,20180906,201500,105380.0000000,105470.0000000,105340.0000000,105380.0000000,2231
SPFB.RTS-9.18,15,20180906,203000,105370.0000000,105570.0000000,105360.0000000,105520.0000000,3535
SPFB.RTS-9.18,15,20180906,204500,105520.0000000,105590.0000000,105470.0000000,105570.0000000,2005
SPFB.RTS-9.18,15,20180906,210000,105560.0000000,105710.0000000,105530.0000000,105620.0000000,3452
SPFB.RTS-9.18,15,20180906,211500,105630.0000000,105650.0000000,105450.0000000,105490.0000000,3062
SPFB.RTS-9.18,15,20180906,213000,105470.0000000,105570.0000000,105470.0000000,105480.0000000,1375
SPFB.RTS-9.18,15,20180906,214500,105490.0000000,105570.0000000,105480.0000000,105520.0000000,1316
SPFB.RTS-9.18,15,20180906,220000,105520.0000000,105750.0000000,105500.0000000,105720.0000000,3426
SPFB.RTS-9.18,15,20180906,221500,105710.0000000,105750.0000000,105530.0000000,105610.0000000,1721
SPFB.RTS-9.18,15,20180906,223000,105610.0000000,105660.0000000,105550.0000000,105660.0000000,1500
SPFB.RTS-9.18,15,20180906,224500,105660.0000000,105790.0000000,105640.0000000,105770.0000000,3011
SPFB.RTS-9.18,15,20180906,230000,105770.0000000,105830.0000000,105660.0000000,105700.0000000,2017
SPFB.RTS-9.18,15,20180906,231500,105700.0000000,105790.0000000,105680.0000000,105720.0000000,833
SPFB.RTS-9.18,15,20180906,233000,105720.0000000,105750.0000000,105610.0000000,105640.0000000,845
SPFB.RTS-9.18,15,20180906,234500,105630.0000000,105750.0000000,105620.0000000,105740.0000000,881
SPFB.RTS-9.18,15,20180907,100000,105750.0000000,106210.0000000,105750.0000000,106200.0000000,19623
SPFB.RTS-9.18,15,20180907,101500,106200.0000000,106280.0000000,105910.0000000,106150.0000000,12646
SPFB.RTS-9.18,15,20180907,103000,106150.0000000,106180.0000000,105800.0000000,105810.0000000,7864
SPFB.RTS-9.18,15,20180907,104500,105820.0000000,105820.0000000,105470.0000000,105730.0000000,14286
SPFB.RTS-9.18,15,20180907,110000,105720.0000000,105770.0000000,105650.0000000,105690.0000000,5899
SPFB.RTS-9.18,15,20180907,111500,105680.0000000,105690.0000000,105310.0000000,105570.0000000,11486
SPFB.RTS-9.18,15,20180907,113000,105560.0000000,105740.0000000,105470.0000000,105690.0000000,7016
SPFB.RTS-9.18,15,20180907,114500,105680.0000000,105880.0000000,105610.0000000,105740.0000000,9406
SPFB.RTS-9.18,15,20180907,120000,105750.0000000,105760.0000000,105520.0000000,105560.0000000,5063
SPFB.RTS-9.18,15,20180907,121500,105570.0000000,105800.0000000,105530.0000000,105580.0000000,4615
SPFB.RTS-9.18,15,20180907,123000,105570.0000000,105660.0000000,105500.0000000,105520.0000000,3345
SPFB.RTS-9.18,15,20180907,124500,105530.0000000,105530.0000000,105350.0000000,105420.0000000,5685
SPFB.RTS-9.18,15,20180907,130000,105420.0000000,105440.0000000,105210.0000000,105340.0000000,8096
SPFB.RTS-9.18,15,20180907,131500,105330.0000000,105440.0000000,105270.0000000,105270.0000000,5638
SPFB.RTS-9.18,15,20180907,133000,105270.0000000,105440.0000000,105260.0000000,105430.0000000,6031
SPFB.RTS-9.18,15,20180907,134500,105430.0000000,105770.0000000,105390.0000000,105470.0000000,16028
SPFB.RTS-9.18,15,20180907,140000,105450.0000000,105550.0000000,105340.0000000,105550.0000000,5972
SPFB.RTS-9.18,15,20180907,141500,105550.0000000,105570.0000000,105350.0000000,105410.0000000,4595
SPFB.RTS-9.18,15,20180907,143000,105410.0000000,105450.0000000,105250.0000000,105290.0000000,3386
SPFB.RTS-9.18,15,20180907,144500,105290.0000000,105460.0000000,104940.0000000,104970.0000000,10038
SPFB.RTS-9.18,15,20180907,150000,104960.0000000,105260.0000000,104950.0000000,105170.0000000,8658
SPFB.RTS-9.18,15,20180907,151500,105170.0000000,105360.0000000,105100.0000000,105350.0000000,4821
SPFB.RTS-9.18,15,20180907,153000,105310.0000000,105400.0000000,104800.0000000,104990.0000000,22613
SPFB.RTS-9.18,15,20180907,154500,104990.0000000,105110.0000000,104810.0000000,104940.0000000,9921
SPFB.RTS-9.18,15,20180907,160000,104930.0000000,105280.0000000,104860.0000000,105180.0000000,13890
SPFB.RTS-9.18,15,20180907,161500,105200.0000000,105220.0000000,105060.0000000,105100.0000000,3724
SPFB.RTS-9.18,15,20180907,163000,105110.0000000,105240.0000000,104970.0000000,105100.0000000,9343
SPFB.RTS-9.18,15,20180907,164500,105110.0000000,105310.0000000,105040.0000000,105280.0000000,8670
SPFB.RTS-9.18,15,20180907,170000,105280.0000000,105600.0000000,105240.0000000,105540.0000000,13300
SPFB.RTS-9.18,15,20180907,171500,105540.0000000,105540.0000000,105290.0000000,105410.0000000,9428
SPFB.RTS-9.18,15,20180907,173000,105410.0000000,105520.0000000,105300.0000000,105320.0000000,5829
SPFB.RTS-9.18,15,20180907,174500,105330.0000000,105520.0000000,105310.0000000,105340.0000000,6209
SPFB.RTS-9.18,15,20180907,180000,105340.0000000,105470.0000000,105320.0000000,105400.0000000,6011
SPFB.RTS-9.18,15,20180907,181500,105410.0000000,105500.0000000,105320.0000000,105430.0000000,5438
SPFB.RTS-9.18,15,20180907,183000,105430.0000000,105630.0000000,105370.0000000,105620.0000000,7963
SPFB.RTS-9.18,15,20180907,190000,105590.0000000,105590.0000000,104590.0000000,104820.0000000,15010
SPFB.RTS-9.18,15,20180907,191500,104820.0000000,104880.0000000,104570.0000000,104570.0000000,8910
SPFB.RTS-9.18,15,20180907,193000,104570.0000000,104750.0000000,104550.0000000,104640.0000000,5357
SPFB.RTS-9.18,15,20180907,194500,104640.0000000,104860.0000000,104610.0000000,104770.0000000,4363
SPFB.RTS-9.18,15,20180907,200000,104760.0000000,104790.0000000,104610.0000000,104620.0000000,3069
SPFB.RTS-9.18,15,20180907,201500,104610.0000000,104740.0000000,104600.0000000,104730.0000000,3068
SPFB.RTS-9.18,15,20180907,203000,104720.0000000,104750.0000000,104610.0000000,104660.0000000,2036
SPFB.RTS-9.18,15,20180907,204500,104650.0000000,104710.0000000,104650.0000000,104680.0000000,1388
SPFB.RTS-9.18,15,20180907,210000,104680.0000000,104730.0000000,104610.0000000,104690.0000000,2310
SPFB.RTS-9.18,15,20180907,211500,104690.0000000,104840.0000000,104680.0000000,104830.0000000,2095
SPFB.RTS-9.18,15,20180907,213000,104820.0000000,104830.0000000,104710.0000000,104760.0000000,1135
SPFB.RTS-9.18,15,20180907,214500,104780.0000000,104820.0000000,104760.0000000,104790.0000000,825
SPFB.RTS-9.18,15,20180907,220000,104780.0000000,104820.0000000,104580.0000000,104600.0000000,2361
SPFB.RTS-9.18,15,20180907,221500,104590.0000000,104730.0000000,104590.0000000,104680.0000000,1435
SPFB.RTS-9.18,15,20180907,223000,104690.0000000,104730.0000000,104580.0000000,104650.0000000,2254
SPFB.RTS-9.18,15,20180907,224500,104650.0000000,104690.0000000,104520.0000000,104570.0000000,3880
SPFB.RTS-9.18,15,20180907,230000,104570.0000000,104630.0000000,104570.0000000,104620.0000000,1103
SPFB.RTS-9.18,15,20180907,231500,104610.0000000,104640.0000000,104590.0000000,104640.0000000,645
SPFB.RTS-9.18,15,20180907,233000,104640.0000000,104700.0000000,104630.0000000,104660.0000000,1858
SPFB.RTS-9.18,15,20180907,234500,104680.0000000,104740.0000000,104650.0000000,104670.0000000,1443
SPFB.RTS-9.18,15,20180910,100000,104720.0000000,105300.0000000,104630.0000000,105120.0000000,23554
SPFB.RTS-9.18,15,20180910,101500,105120.0000000,105250.0000000,105030.0000000,105210.0000000,9932
SPFB.RTS-9.18,15,20180910,103000,105200.0000000,105240.0000000,105020.0000000,105150.0000000,11082
SPFB.RTS-9.18,15,20180910,104500,105150.0000000,105180.0000000,104870.0000000,104960.0000000,9612
SPFB.RTS-9.18,15,20180910,110000,104970.0000000,105100.0000000,104820.0000000,104830.0000000,7698
SPFB.RTS-9.18,15,20180910,111500,104830.0000000,104860.0000000,104670.0000000,104760.0000000,7882
SPFB.RTS-9.18,15,20180910,113000,104770.0000000,105010.0000000,104740.0000000,104940.0000000,6209
SPFB.RTS-9.18,15,20180910,114500,104950.0000000,105040.0000000,104840.0000000,104960.0000000,6989
SPFB.RTS-9.18,15,20180910,120000,104960.0000000,104990.0000000,104810.0000000,104870.0000000,4698
SPFB.RTS-9.18,15,20180910,121500,104860.0000000,104880.0000000,104690.0000000,104780.0000000,4833
SPFB.RTS-9.18,15,20180910,123000,104790.0000000,104900.0000000,104760.0000000,104900.0000000,3990
SPFB.RTS-9.18,15,20180910,124500,104900.0000000,104960.0000000,104730.0000000,104750.0000000,4105
SPFB.RTS-9.18,15,20180910,130000,104750.0000000,104760.0000000,104390.0000000,104470.0000000,20005
SPFB.RTS-9.18,15,20180910,131500,104470.0000000,104520.0000000,104160.0000000,104300.0000000,10495
SPFB.RTS-9.18,15,20180910,133000,104290.0000000,104440.0000000,104190.0000000,104210.0000000,7626
SPFB.RTS-9.18,15,20180910,134500,104200.0000000,104370.0000000,104060.0000000,104300.0000000,7972
SPFB.RTS-9.18,15,20180910,140000,104280.0000000,104310.0000000,104150.0000000,104230.0000000,4157
SPFB.RTS-9.18,15,20180910,141500,104240.0000000,104300.0000000,104170.0000000,104180.0000000,5078
SPFB.RTS-9.18,15,20180910,143000,104170.0000000,104440.0000000,104080.0000000,104400.0000000,6529
SPFB.RTS-9.18,15,20180910,144500,104410.0000000,104450.0000000,104290.0000000,104330.0000000,4299
SPFB.RTS-9.18,15,20180910,150000,104330.0000000,104400.0000000,104300.0000000,104380.0000000,3615
SPFB.RTS-9.18,15,20180910,151500,104380.0000000,104420.0000000,104300.0000000,104350.0000000,3605
SPFB.RTS-9.18,15,20180910,153000,104340.0000000,104400.0000000,104310.0000000,104310.0000000,2555
SPFB.RTS-9.18,15,20180910,154500,104310.0000000,104360.0000000,104200.0000000,104320.0000000,4270
SPFB.RTS-9.18,15,20180910,160000,104310.0000000,104530.0000000,104300.0000000,104410.0000000,6895
SPFB.RTS-9.18,15,20180910,161500,104410.0000000,104470.0000000,104290.0000000,104330.0000000,6038
SPFB.RTS-9.18,15,20180910,163000,104330.0000000,104400.0000000,104250.0000000,104290.0000000,13456
SPFB.RTS-9.18,15,20180910,164500,104300.0000000,104380.0000000,104180.0000000,104300.0000000,7912
SPFB.RTS-9.18,15,20180910,170000,104310.0000000,104340.0000000,104020.0000000,104120.0000000,10803
SPFB.RTS-9.18,15,20180910,171500,104110.0000000,104440.0000000,104070.0000000,104370.0000000,9089
SPFB.RTS-9.18,15,20180910,173000,104380.0000000,104450.0000000,104210.0000000,104320.0000000,6766
SPFB.RTS-9.18,15,20180910,174500,104320.0000000,104350.0000000,104040.0000000,104050.0000000,7726
SPFB.RTS-9.18,15,20180910,180000,104050.0000000,104380.0000000,103910.0000000,104300.0000000,10366
SPFB.RTS-9.18,15,20180910,181500,104300.0000000,104330.0000000,104160.0000000,104220.0000000,4213
SPFB.RTS-9.18,15,20180910,183000,104230.0000000,104520.0000000,104210.0000000,104280.0000000,11300
SPFB.RTS-9.18,15,20180910,190000,104230.0000000,104320.0000000,104080.0000000,104140.0000000,6001
SPFB.RTS-9.18,15,20180910,191500,104140.0000000,104200.0000000,104100.0000000,104130.0000000,2772
SPFB.RTS-9.18,15,20180910,193000,104120.0000000,104270.0000000,104080.0000000,104110.0000000,2949
SPFB.RTS-9.18,15,20180910,194500,104100.0000000,104160.0000000,104050.0000000,104090.0000000,2065
SPFB.RTS-9.18,15,20180910,200000,104080.0000000,104150.0000000,103960.0000000,104040.0000000,4665
SPFB.RTS-9.18,15,20180910,201500,104050.0000000,104170.0000000,103970.0000000,104140.0000000,2333
SPFB.RTS-9.18,15,20180910,203000,104150.0000000,104220.0000000,104100.0000000,104130.0000000,1568
SPFB.RTS-9.18,15,20180910,204500,104140.0000000,104150.0000000,103970.0000000,104040.0000000,2585
SPFB.RTS-9.18,15,20180910,210000,104040.0000000,104110.0000000,104000.0000000,104050.0000000,1547
SPFB.RTS-9.18,15,20180910,211500,104050.0000000,104340.0000000,104000.0000000,104220.0000000,4716
SPFB.RTS-9.18,15,20180910,213000,104210.0000000,104260.0000000,104170.0000000,104260.0000000,1451
SPFB.RTS-9.18,15,20180910,214500,104260.0000000,104290.0000000,104130.0000000,104200.0000000,2028
SPFB.RTS-9.18,15,20180910,220000,104190.0000000,104230.0000000,104130.0000000,104160.0000000,1249
SPFB.RTS-9.18,15,20180910,221500,104160.0000000,104170.0000000,104100.0000000,104120.0000000,924
SPFB.RTS-9.18,15,20180910,223000,104130.0000000,104130.0000000,104010.0000000,104050.0000000,1521
SPFB.RTS-9.18,15,20180910,224500,104040.0000000,104070.0000000,104010.0000000,104050.0000000,1625
SPFB.RTS-9.18,15,20180910,230000,104050.0000000,104080.0000000,104010.0000000,104080.0000000,1158
SPFB.RTS-9.18,15,20180910,231500,104080.0000000,104130.0000000,104070.0000000,104130.0000000,727
SPFB.RTS-9.18,15,20180910,233000,104130.0000000,104140.0000000,104030.0000000,104060.0000000,1193
SPFB.RTS-9.18,15,20180910,234500,104050.0000000,104050.0000000,103530.0000000,103820.0000000,3201
SPFB.RTS-9.18,15,20180911,100000,103850.0000000,105500.0000000,103850.0000000,105350.0000000,42235
SPFB.RTS-9.18,15,20180911,101500,105350.0000000,105420.0000000,104810.0000000,105080.0000000,19647
SPFB.RTS-9.18,15,20180911,103000,105060.0000000,105230.0000000,104960.0000000,105160.0000000,7710
SPFB.RTS-9.18,15,20180911,104500,105140.0000000,105340.0000000,105050.0000000,105260.0000000,9731
SPFB.RTS-9.18,15,20180911,110000,105260.0000000,105610.0000000,105170.0000000,105570.0000000,12395
SPFB.RTS-9.18,15,20180911,111500,105580.0000000,105720.0000000,105520.0000000,105560.0000000,12533
SPFB.RTS-9.18,15,20180911,113000,105560.0000000,105620.0000000,105430.0000000,105460.0000000,7082
SPFB.RTS-9.18,15,20180911,114500,105460.0000000,105520.0000000,105230.0000000,105420.0000000,10946
SPFB.RTS-9.18,15,20180911,120000,105420.0000000,105450.0000000,104760.0000000,104830.0000000,16208
SPFB.RTS-9.18,15,20180911,121500,104830.0000000,105050.0000000,104780.0000000,104870.0000000,10254
SPFB.RTS-9.18,15,20180911,123000,104860.0000000,104930.0000000,104500.0000000,104650.0000000,14062
SPFB.RTS-9.18,15,20180911,124500,104650.0000000,104700.0000000,104510.0000000,104660.0000000,6455
SPFB.RTS-9.18,15,20180911,130000,104660.0000000,104980.0000000,104650.0000000,104870.0000000,9176
SPFB.RTS-9.18,15,20180911,131500,104880.0000000,105020.0000000,104860.0000000,104900.0000000,3046
SPFB.RTS-9.18,15,20180911,133000,104880.0000000,104920.0000000,104810.0000000,104870.0000000,3444
SPFB.RTS-9.18,15,20180911,134500,104880.0000000,104890.0000000,104700.0000000,104820.0000000,3029
SPFB.RTS-9.18,15,20180911,140000,104830.0000000,104830.0000000,104710.0000000,104810.0000000,2094
SPFB.RTS-9.18,15,20180911,141500,104810.0000000,104840.0000000,104370.0000000,104420.0000000,8962
SPFB.RTS-9.18,15,20180911,143000,104420.0000000,104450.0000000,104240.0000000,104240.0000000,7155
SPFB.RTS-9.18,15,20180911,144500,104250.0000000,104430.0000000,104200.0000000,104310.0000000,4880
SPFB.RTS-9.18,15,20180911,150000,104330.0000000,104370.0000000,104010.0000000,104150.0000000,8700
SPFB.RTS-9.18,15,20180911,151500,104160.0000000,104290.0000000,104010.0000000,104210.0000000,9158
SPFB.RTS-9.18,15,20180911,153000,104210.0000000,104440.0000000,104120.0000000,104340.0000000,11771
SPFB.RTS-9.18,15,20180911,154500,104330.0000000,104500.0000000,104210.0000000,104290.0000000,7187
SPFB.RTS-9.18,15,20180911,160000,104280.0000000,104460.0000000,104190.0000000,104340.0000000,8495
SPFB.RTS-9.18,15,20180911,161500,104330.0000000,104370.0000000,104270.0000000,104330.0000000,2752
SPFB.RTS-9.18,15,20180911,163000,104310.0000000,104530.0000000,104110.0000000,104450.0000000,13327
SPFB.RTS-9.18,15,20180911,164500,104450.0000000,104880.0000000,104420.0000000,104870.0000000,14330
SPFB.RTS-9.18,15,20180911,170000,104870.0000000,104930.0000000,104670.0000000,104750.0000000,14980
SPFB.RTS-9.18,15,20180911,171500,104770.0000000,105160.0000000,104770.0000000,105070.0000000,13694
SPFB.RTS-9.18,15,20180911,173000,105080.0000000,105090.0000000,104760.0000000,104880.0000000,10418
SPFB.RTS-9.18,15,20180911,174500,104880.0000000,105270.0000000,104700.0000000,105060.0000000,13038
SPFB.RTS-9.18,15,20180911,180000,105060.0000000,105390.0000000,105050.0000000,105300.0000000,11843
SPFB.RTS-9.18,15,20180911,181500,105300.0000000,105480.0000000,105230.0000000,105430.0000000,8895
SPFB.RTS-9.18,15,20180911,183000,105430.0000000,105500.0000000,105340.0000000,105480.0000000,10784
SPFB.RTS-9.18,15,20180911,190000,105520.0000000,105880.0000000,105520.0000000,105570.0000000,8323
SPFB.RTS-9.18,15,20180911,191500,105580.0000000,105700.0000000,105520.0000000,105650.0000000,3633
SPFB.RTS-9.18,15,20180911,193000,105650.0000000,105780.0000000,105480.0000000,105750.0000000,4261
SPFB.RTS-9.18,15,20180911,194500,105770.0000000,105770.0000000,105630.0000000,105750.0000000,2399
SPFB.RTS-9.18,15,20180911,200000,105750.0000000,105800.0000000,105650.0000000,105680.0000000,3445
SPFB.RTS-9.18,15,20180911,201500,105680.0000000,105790.0000000,105340.0000000,105500.0000000,8424
SPFB.RTS-9.18,15,20180911,203000,105500.0000000,105590.0000000,105420.0000000,105490.0000000,2007
SPFB.RTS-9.18,15,20180911,204500,105480.0000000,105520.0000000,105430.0000000,105450.0000000,1461
SPFB.RTS-9.18,15,20180911,210000,105440.0000000,105510.0000000,105350.0000000,105410.0000000,2092
SPFB.RTS-9.18,15,20180911,211500,105410.0000000,105490.0000000,105400.0000000,105440.0000000,618
SPFB.RTS-9.18,15,20180911,213000,105440.0000000,105560.0000000,105420.0000000,105520.0000000,1403
SPFB.RTS-9.18,15,20180911,214500,105540.0000000,105640.0000000,105520.0000000,105620.0000000,919
SPFB.RTS-9.18,15,20180911,220000,105620.0000000,105710.0000000,105570.0000000,105700.0000000,1564
SPFB.RTS-9.18,15,20180911,221500,105690.0000000,105710.0000000,105570.0000000,105610.0000000,1703
SPFB.RTS-9.18,15,20180911,223000,105590.0000000,105770.0000000,105580.0000000,105750.0000000,1545
SPFB.RTS-9.18,15,20180911,224500,105770.0000000,105980.0000000,105730.0000000,105910.0000000,6073
SPFB.RTS-9.18,15,20180911,230000,105910.0000000,105970.0000000,105830.0000000,105920.0000000,3427
SPFB.RTS-9.18,15,20180911,231500,105930.0000000,105970.0000000,105900.0000000,105950.0000000,946
SPFB.RTS-9.18,15,20180911,233000,105960.0000000,106210.0000000,105930.0000000,106150.0000000,7016
SPFB.RTS-9.18,15,20180911,234500,106160.0000000,106260.0000000,106150.0000000,106250.0000000,2658
SPFB.RTS-9.18,15,20180912,100000,106200.0000000,106200.0000000,105750.0000000,106100.0000000,16595
SPFB.RTS-9.18,15,20180912,101500,106110.0000000,106440.0000000,106100.0000000,106300.0000000,16139
SPFB.RTS-9.18,15,20180912,103000,106300.0000000,106400.0000000,106170.0000000,106270.0000000,6958
SPFB.RTS-9.18,15,20180912,104500,106280.0000000,106480.0000000,106260.0000000,106360.0000000,8386
SPFB.RTS-9.18,15,20180912,110000,106360.0000000,106470.0000000,106280.0000000,106370.0000000,8774
SPFB.RTS-9.18,15,20180912,111500,106380.0000000,106570.0000000,106360.0000000,106550.0000000,10568
SPFB.RTS-9.18,15,20180912,113000,106560.0000000,106590.0000000,106290.0000000,106360.0000000,9668
SPFB.RTS-9.18,15,20180912,114500,106360.0000000,106450.0000000,106310.0000000,106340.0000000,4449
SPFB.RTS-9.18,15,20180912,120000,106350.0000000,106380.0000000,106050.0000000,106120.0000000,10458
SPFB.RTS-9.18,15,20180912,121500,106110.0000000,106120.0000000,105860.0000000,105990.0000000,7798
SPFB.RTS-9.18,15,20180912,123000,105990.0000000,106120.0000000,105960.0000000,106000.0000000,4607
SPFB.RTS-9.18,15,20180912,124500,105990.0000000,106620.0000000,105970.0000000,106530.0000000,15192
SPFB.RTS-9.18,15,20180912,130000,106530.0000000,106790.0000000,106470.0000000,106470.0000000,11214
SPFB.RTS-9.18,15,20180912,131500,106470.0000000,106660.0000000,106450.0000000,106500.0000000,5364
SPFB.RTS-9.18,15,20180912,133000,106500.0000000,106500.0000000,106360.0000000,106410.0000000,5081
SPFB.RTS-9.18,15,20180912,134500,106410.0000000,106460.0000000,106330.0000000,106400.0000000,2790
SPFB.RTS-9.18,15,20180912,140000,106400.0000000,106440.0000000,106100.0000000,106170.0000000,5884
SPFB.RTS-9.18,15,20180912,141500,106160.0000000,106840.0000000,106160.0000000,106810.0000000,12960
SPFB.RTS-9.18,15,20180912,143000,106800.0000000,106840.0000000,106610.0000000,106740.0000000,9082
SPFB.RTS-9.18,15,20180912,144500,106740.0000000,106880.0000000,106640.0000000,106790.0000000,9907
SPFB.RTS-9.18,15,20180912,150000,106780.0000000,107070.0000000,106730.0000000,106740.0000000,12056
SPFB.RTS-9.18,15,20180912,151500,106750.0000000,106760.0000000,106620.0000000,106760.0000000,4906
SPFB.RTS-9.18,15,20180912,153000,106760.0000000,106900.0000000,106740.0000000,106770.0000000,5253
SPFB.RTS-9.18,15,20180912,154500,106760.0000000,106900.0000000,106740.0000000,106830.0000000,4509
SPFB.RTS-9.18,15,20180912,160000,106840.0000000,106980.0000000,106750.0000000,106890.0000000,5553
SPFB.RTS-9.18,15,20180912,161500,106900.0000000,106910.0000000,106700.0000000,106730.0000000,3873
SPFB.RTS-9.18,15,20180912,163000,106730.0000000,106890.0000000,106700.0000000,106890.0000000,5974
SPFB.RTS-9.18,15,20180912,164500,106880.0000000,107030.0000000,106840.0000000,106870.0000000,6518
SPFB.RTS-9.18,15,20180912,170000,106880.0000000,107100.0000000,106800.0000000,106820.0000000,9325
SPFB.RTS-9.18,15,20180912,171500,106820.0000000,106830.0000000,106450.0000000,106560.0000000,12272
SPFB.RTS-9.18,15,20180912,173000,106570.0000000,106900.0000000,106440.0000000,106720.0000000,13050
SPFB.RTS-9.18,15,20180912,174500,106730.0000000,106760.0000000,106470.0000000,106580.0000000,14509
SPFB.RTS-9.18,15,20180912,180000,106570.0000000,106960.0000000,106270.0000000,106910.0000000,18110
SPFB.RTS-9.18,15,20180912,181500,106930.0000000,107570.0000000,106930.0000000,107450.0000000,34690
SPFB.RTS-9.18,15,20180912,183000,107450.0000000,107600.0000000,107220.0000000,107290.0000000,18522
SPFB.RTS-9.18,15,20180912,190000,107220.0000000,107340.0000000,107070.0000000,107170.0000000,7013
SPFB.RTS-9.18,15,20180912,191500,107180.0000000,107420.0000000,107130.0000000,107420.0000000,3954
SPFB.RTS-9.18,15,20180912,193000,107420.0000000,107510.0000000,107240.0000000,107450.0000000,5509
SPFB.RTS-9.18,15,20180912,194500,107460.0000000,107510.0000000,106570.0000000,107050.0000000,18960
SPFB.RTS-9.18,15,20180912,200000,107040.0000000,107250.0000000,106920.0000000,107240.0000000,8427
SPFB.RTS-9.18,15,20180912,201500,107240.0000000,107240.0000000,106980.0000000,107080.0000000,3755
SPFB.RTS-9.18,15,20180912,203000,107060.0000000,107370.0000000,107040.0000000,107140.0000000,3619
SPFB.RTS-9.18,15,20180912,204500,107130.0000000,107380.0000000,107080.0000000,107360.0000000,3171
SPFB.RTS-9.18,15,20180912,210000,107380.0000000,107390.0000000,107160.0000000,107210.0000000,2955
SPFB.RTS-9.18,15,20180912,211500,107200.0000000,107310.0000000,107150.0000000,107290.0000000,1594
SPFB.RTS-9.18,15,20180912,213000,107280.0000000,107300.0000000,107180.0000000,107220.0000000,1932
SPFB.RTS-9.18,15,20180912,214500,107210.0000000,107280.0000000,107100.0000000,107150.0000000,3180
SPFB.RTS-9.18,15,20180912,220000,107150.0000000,107300.0000000,107130.0000000,107250.0000000,2735
SPFB.RTS-9.18,15,20180912,221500,107260.0000000,107290.0000000,107190.0000000,107250.0000000,968
SPFB.RTS-9.18,15,20180912,223000,107260.0000000,107260.0000000,106950.0000000,107100.0000000,5197
SPFB.RTS-9.18,15,20180912,224500,107110.0000000,107120.0000000,106830.0000000,107020.0000000,4232
SPFB.RTS-9.18,15,20180912,230000,107010.0000000,107020.0000000,106860.0000000,106960.0000000,1240
SPFB.RTS-9.18,15,20180912,231500,106980.0000000,107110.0000000,106960.0000000,107090.0000000,741
SPFB.RTS-9.18,15,20180912,233000,107100.0000000,107130.0000000,106970.0000000,106970.0000000,1259
SPFB.RTS-9.18,15,20180912,234500,106980.0000000,107080.0000000,106930.0000000,107000.0000000,1165
SPFB.RTS-9.18,15,20180913,100000,107070.0000000,107700.0000000,107070.0000000,107560.0000000,26464
SPFB.RTS-9.18,15,20180913,101500,107550.0000000,107760.0000000,107430.0000000,107700.0000000,13680
SPFB.RTS-9.18,15,20180913,103000,107710.0000000,107860.0000000,107660.0000000,107830.0000000,6944
SPFB.RTS-9.18,15,20180913,104500,107830.0000000,108150.0000000,107820.0000000,108050.0000000,11938
SPFB.RTS-9.18,15,20180913,110000,108050.0000000,108150.0000000,107920.0000000,108020.0000000,7664
SPFB.RTS-9.18,15,20180913,111500,108030.0000000,108070.0000000,107920.0000000,107940.0000000,5743
SPFB.RTS-9.18,15,20180913,113000,107940.0000000,108060.0000000,107870.0000000,108030.0000000,5699
SPFB.RTS-9.18,15,20180913,114500,108040.0000000,108260.0000000,108030.0000000,108140.0000000,10793
SPFB.RTS-9.18,15,20180913,120000,108130.0000000,108500.0000000,108110.0000000,108480.0000000,14060
SPFB.RTS-9.18,15,20180913,121500,108470.0000000,108500.0000000,108200.0000000,108260.0000000,7668
SPFB.RTS-9.18,15,20180913,123000,108260.0000000,108270.0000000,108030.0000000,108070.0000000,8230
SPFB.RTS-9.18,15,20180913,124500,108080.0000000,108370.0000000,108060.0000000,108340.0000000,4779
SPFB.RTS-9.18,15,20180913,130000,108340.0000000,108490.0000000,108300.0000000,108390.0000000,4894
SPFB.RTS-9.18,15,20180913,131500,108400.0000000,108520.0000000,108340.0000000,108440.0000000,4908
SPFB.RTS-9.18,15,20180913,133000,108440.0000000,108550.0000000,108390.0000000,108430.0000000,4789
SPFB.RTS-9.18,15,20180913,134500,108430.0000000,108630.0000000,108380.0000000,108530.0000000,7931
SPFB.RTS-9.18,15,20180913,140000,108550.0000000,108980.0000000,108550.0000000,108860.0000000,15279
SPFB.RTS-9.18,15,20180913,141500,108870.0000000,109200.0000000,108800.0000000,109140.0000000,11592
SPFB.RTS-9.18,15,20180913,143000,109160.0000000,109220.0000000,109010.0000000,109120.0000000,9843
SPFB.RTS-9.18,15,20180913,144500,109120.0000000,109190.0000000,109000.0000000,109000.0000000,5681
SPFB.RTS-9.18,15,20180913,150000,109010.0000000,109090.0000000,108820.0000000,108900.0000000,7465
SPFB.RTS-9.18,15,20180913,151500,108890.0000000,109120.0000000,108820.0000000,108990.0000000,6985
SPFB.RTS-9.18,15,20180913,153000,108990.0000000,109340.0000000,108980.0000000,109270.0000000,18345
SPFB.RTS-9.18,15,20180913,154500,109270.0000000,109400.0000000,109230.0000000,109300.0000000,9622
SPFB.RTS-9.18,15,20180913,160000,109310.0000000,109370.0000000,109170.0000000,109200.0000000,7100
SPFB.RTS-9.18,15,20180913,161500,109190.0000000,109400.0000000,109160.0000000,109340.0000000,8244
SPFB.RTS-9.18,15,20180913,163000,109330.0000000,109870.0000000,109270.0000000,109850.0000000,22848
SPFB.RTS-9.18,15,20180913,164500,109860.0000000,109920.0000000,109560.0000000,109580.0000000,16546
SPFB.RTS-9.18,15,20180913,170000,109580.0000000,109670.0000000,109430.0000000,109540.0000000,9964
SPFB.RTS-9.18,15,20180913,171500,109540.0000000,109570.0000000,108900.0000000,108940.0000000,22940
SPFB.RTS-9.18,15,20180913,173000,108960.0000000,109080.0000000,107780.0000000,107950.0000000,42790
SPFB.RTS-9.18,15,20180913,174500,107950.0000000,108540.0000000,107820.0000000,108360.0000000,26536
SPFB.RTS-9.18,15,20180913,180000,108360.0000000,108470.0000000,108090.0000000,108450.0000000,10179
SPFB.RTS-9.18,15,20180913,181500,108440.0000000,108890.0000000,108150.0000000,108200.0000000,19811
SPFB.RTS-9.18,15,20180913,183000,108190.0000000,108260.0000000,107810.0000000,108040.0000000,20286
SPFB.RTS-9.18,15,20180913,190000,108130.0000000,108370.0000000,107980.0000000,108340.0000000,4783
SPFB.RTS-9.18,15,20180913,191500,108340.0000000,108480.0000000,108260.0000000,108420.0000000,4516
SPFB.RTS-9.18,15,20180913,193000,108430.0000000,108580.0000000,108310.0000000,108330.0000000,4385
SPFB.RTS-9.18,15,20180913,194500,108330.0000000,108390.0000000,108240.0000000,108320.0000000,2789
SPFB.RTS-9.18,15,20180913,200000,108340.0000000,108440.0000000,108250.0000000,108310.0000000,1958
SPFB.RTS-9.18,15,20180913,201500,108310.0000000,108350.0000000,108240.0000000,108320.0000000,1127
SPFB.RTS-9.18,15,20180913,203000,108310.0000000,108380.0000000,108280.0000000,108350.0000000,1041
SPFB.RTS-9.18,15,20180913,204500,108330.0000000,108380.0000000,108200.0000000,108210.0000000,1632
SPFB.RTS-9.18,15,20180913,210000,108220.0000000,108680.0000000,108170.0000000,108570.0000000,8267
SPFB.RTS-9.18,15,20180913,211500,108550.0000000,108640.0000000,108440.0000000,108580.0000000,2831
SPFB.RTS-9.18,15,20180913,213000,108590.0000000,108680.0000000,108510.0000000,108650.0000000,2125
SPFB.RTS-9.18,15,20180913,214500,108640.0000000,108680.0000000,108540.0000000,108570.0000000,1231
SPFB.RTS-9.18,15,20180913,220000,108570.0000000,108620.0000000,108400.0000000,108450.0000000,1605
SPFB.RTS-9.18,15,20180913,221500,108450.0000000,108510.0000000,108410.0000000,108460.0000000,1971
SPFB.RTS-9.18,15,20180913,223000,108470.0000000,108470.0000000,108280.0000000,108350.0000000,2366
SPFB.RTS-9.18,15,20180913,224500,108340.0000000,108400.0000000,108260.0000000,108280.0000000,3345
SPFB.RTS-9.18,15,20180913,230000,108280.0000000,108310.0000000,108220.0000000,108240.0000000,1604
SPFB.RTS-9.18,15,20180913,231500,108250.0000000,108260.0000000,108190.0000000,108210.0000000,703
SPFB.RTS-9.18,15,20180913,233000,108190.0000000,108270.0000000,108170.0000000,108260.0000000,1156
SPFB.RTS-9.18,15,20180913,234500,108250.0000000,108300.0000000,108220.0000000,108240.0000000,948
SPFB.RTS-9.18,15,20180914,100000,108310.0000000,109000.0000000,108310.0000000,108960.0000000,18278
SPFB.RTS-9.18,15,20180914,101500,108960.0000000,109050.0000000,108570.0000000,108870.0000000,11034
SPFB.RTS-9.18,15,20180914,103000,108850.0000000,109280.0000000,108800.0000000,109050.0000000,10250
SPFB.RTS-9.18,15,20180914,104500,109060.0000000,109080.0000000,108780.0000000,108870.0000000,6144
SPFB.RTS-9.18,15,20180914,110000,108880.0000000,108880.0000000,108420.0000000,108460.0000000,10563
SPFB.RTS-9.18,15,20180914,111500,108460.0000000,108690.0000000,108380.0000000,108540.0000000,7067
SPFB.RTS-9.18,15,20180914,113000,108520.0000000,108540.0000000,108300.0000000,108400.0000000,7286
SPFB.RTS-9.18,15,20180914,114500,108390.0000000,108450.0000000,108000.0000000,108100.0000000,8967
SPFB.RTS-9.18,15,20180914,120000,108110.0000000,108230.0000000,107930.0000000,108200.0000000,9733
SPFB.RTS-9.18,15,20180914,121500,108200.0000000,108260.0000000,108080.0000000,108160.0000000,4077
SPFB.RTS-9.18,15,20180914,123000,108160.0000000,108420.0000000,108140.0000000,108370.0000000,4485
SPFB.RTS-9.18,15,20180914,124500,108380.0000000,108710.0000000,108350.0000000,108350.0000000,8151
SPFB.RTS-9.18,15,20180914,130000,108370.0000000,108370.0000000,108180.0000000,108210.0000000,5420
SPFB.RTS-9.18,15,20180914,131500,108220.0000000,108480.0000000,108140.0000000,108470.0000000,5866
SPFB.RTS-9.18,15,20180914,133000,108450.0000000,109500.0000000,108440.0000000,109420.0000000,46855
SPFB.RTS-9.18,15,20180914,134500,109430.0000000,109520.0000000,109120.0000000,109360.0000000,13310
SPFB.RTS-9.18,15,20180914,140000,109370.0000000,109500.0000000,109210.0000000,109300.0000000,8052
SPFB.RTS-9.18,15,20180914,141500,109300.0000000,109320.0000000,109050.0000000,109140.0000000,6883
SPFB.RTS-9.18,15,20180914,143000,109160.0000000,109280.0000000,109090.0000000,109240.0000000,6780
SPFB.RTS-9.18,15,20180914,144500,109240.0000000,109320.0000000,109140.0000000,109290.0000000,5543
SPFB.RTS-9.18,15,20180914,150000,109300.0000000,109310.0000000,109110.0000000,109180.0000000,5232
SPFB.RTS-9.18,15,20180914,151500,109170.0000000,109220.0000000,109010.0000000,109030.0000000,6651
SPFB.RTS-9.18,15,20180914,153000,109020.0000000,109420.0000000,109010.0000000,109270.0000000,10029
SPFB.RTS-9.18,15,20180914,154500,109270.0000000,109310.0000000,109140.0000000,109220.0000000,5455
SPFB.RTS-9.18,15,20180914,160000,109220.0000000,109440.0000000,109130.0000000,109330.0000000,10325
SPFB.RTS-9.18,15,20180914,161500,109330.0000000,109420.0000000,109070.0000000,109200.0000000,7563
SPFB.RTS-9.18,15,20180914,163000,109200.0000000,109660.0000000,109110.0000000,109550.0000000,15056
SPFB.RTS-9.18,15,20180914,164500,109550.0000000,109600.0000000,109240.0000000,109260.0000000,6911
SPFB.RTS-9.18,15,20180914,170000,109270.0000000,109290.0000000,109090.0000000,109120.0000000,9964
SPFB.RTS-9.18,15,20180914,171500,109120.0000000,109250.0000000,109080.0000000,109170.0000000,7143
SPFB.RTS-9.18,15,20180914,173000,109180.0000000,109290.0000000,109100.0000000,109220.0000000,7101
SPFB.RTS-9.18,15,20180914,174500,109220.0000000,109320.0000000,109160.0000000,109200.0000000,5580
SPFB.RTS-9.18,15,20180914,180000,109200.0000000,109470.0000000,109150.0000000,109400.0000000,7499
SPFB.RTS-9.18,15,20180914,181500,109400.0000000,109490.0000000,109350.0000000,109470.0000000,6688
SPFB.RTS-9.18,15,20180914,183000,109470.0000000,109680.0000000,109440.0000000,109640.0000000,13140
SPFB.RTS-9.18,15,20180914,190000,109560.0000000,109700.0000000,108830.0000000,109150.0000000,17915
SPFB.RTS-9.18,15,20180914,191500,109150.0000000,109240.0000000,108760.0000000,108890.0000000,8254
SPFB.RTS-9.18,15,20180914,193000,108890.0000000,109030.0000000,108840.0000000,109000.0000000,3933
SPFB.RTS-9.18,15,20180914,194500,109000.0000000,109130.0000000,108960.0000000,108980.0000000,2417
SPFB.RTS-9.18,15,20180914,200000,108970.0000000,109060.0000000,108860.0000000,108950.0000000,3511
SPFB.RTS-9.18,15,20180914,201500,108950.0000000,109210.0000000,108950.0000000,109160.0000000,4604
SPFB.RTS-9.18,15,20180914,203000,109170.0000000,109220.0000000,109130.0000000,109160.0000000,2228
SPFB.RTS-9.18,15,20180914,204500,109150.0000000,109270.0000000,109110.0000000,109230.0000000,3507
SPFB.RTS-9.18,15,20180914,210000,109220.0000000,109240.0000000,109140.0000000,109180.0000000,1700
SPFB.RTS-9.18,15,20180914,211500,109170.0000000,109370.0000000,109160.0000000,109280.0000000,2119
SPFB.RTS-9.18,15,20180914,213000,109280.0000000,109350.0000000,109250.0000000,109320.0000000,705
SPFB.RTS-9.18,15,20180914,214500,109320.0000000,109440.0000000,109290.0000000,109340.0000000,1123
SPFB.RTS-9.18,15,20180914,220000,109350.0000000,109410.0000000,109300.0000000,109370.0000000,1043
SPFB.RTS-9.18,15,20180914,221500,109360.0000000,109420.0000000,109270.0000000,109310.0000000,954
SPFB.RTS-9.18,15,20180914,223000,109310.0000000,109350.0000000,109230.0000000,109290.0000000,652
SPFB.RTS-9.18,15,20180914,224500,109280.0000000,109290.0000000,109090.0000000,109200.0000000,1829
SPFB.RTS-9.18,15,20180914,230000,109180.0000000,109240.0000000,109150.0000000,109240.0000000,833
SPFB.RTS-9.18,15,20180914,231500,109230.0000000,109350.0000000,109230.0000000,109320.0000000,722
SPFB.RTS-9.18,15,20180914,233000,109310.0000000,109400.0000000,109260.0000000,109370.0000000,1362
SPFB.RTS-9.18,15,20180914,234500,109390.0000000,109450.0000000,109350.0000000,109390.0000000,1157
SPFB.RTS-9.18,15,20180917,100000,109390.0000000,109450.0000000,108730.0000000,108930.0000000,14072
SPFB.RTS-9.18,15,20180917,101500,108930.0000000,109000.0000000,108760.0000000,108910.0000000,8328
SPFB.RTS-9.18,15,20180917,103000,108920.0000000,109210.0000000,108870.0000000,109000.0000000,10581
SPFB.RTS-9.18,15,20180917,104500,109000.0000000,109030.0000000,108590.0000000,108670.0000000,10836
SPFB.RTS-9.18,15,20180917,110000,108670.0000000,108690.0000000,108440.0000000,108630.0000000,10421
SPFB.RTS-9.18,15,20180917,111500,108620.0000000,108770.0000000,108570.0000000,108690.0000000,6072
SPFB.RTS-9.18,15,20180917,113000,108700.0000000,108810.0000000,108660.0000000,108690.0000000,4743
SPFB.RTS-9.18,15,20180917,114500,108700.0000000,108750.0000000,108550.0000000,108650.0000000,3783
SPFB.RTS-9.18,15,20180917,120000,108640.0000000,108750.0000000,108480.0000000,108710.0000000,5100
SPFB.RTS-9.18,15,20180917,121500,108710.0000000,108880.0000000,108550.0000000,108830.0000000,4868
SPFB.RTS-9.18,15,20180917,123000,108830.0000000,108880.0000000,108730.0000000,108750.0000000,4104
SPFB.RTS-9.18,15,20180917,124500,108760.0000000,109070.0000000,108740.0000000,108980.0000000,8559
SPFB.RTS-9.18,15,20180917,130000,108970.0000000,109380.0000000,108900.0000000,109330.0000000,8120
SPFB.RTS-9.18,15,20180917,131500,109330.0000000,109420.0000000,109240.0000000,109310.0000000,5062
SPFB.RTS-9.18,15,20180917,133000,109300.0000000,109390.0000000,109210.0000000,109290.0000000,4067
SPFB.RTS-9.18,15,20180917,134500,109280.0000000,109470.0000000,109250.0000000,109320.0000000,5362
SPFB.RTS-9.18,15,20180917,140000,109320.0000000,109420.0000000,109240.0000000,109320.0000000,4991
SPFB.RTS-9.18,15,20180917,141500,109310.0000000,109390.0000000,109270.0000000,109390.0000000,4190
SPFB.RTS-9.18,15,20180917,143000,109380.0000000,109430.0000000,109310.0000000,109330.0000000,3819
SPFB.RTS-9.18,15,20180917,144500,109330.0000000,109600.0000000,109330.0000000,109430.0000000,8407
SPFB.RTS-9.18,15,20180917,150000,109440.0000000,109510.0000000,109380.0000000,109460.0000000,4100
SPFB.RTS-9.18,15,20180917,151500,109460.0000000,109560.0000000,109330.0000000,109420.0000000,5601
SPFB.RTS-9.18,15,20180917,153000,109420.0000000,109560.0000000,109350.0000000,109460.0000000,5810
SPFB.RTS-9.18,15,20180917,154500,109460.0000000,109580.0000000,109380.0000000,109530.0000000,5001
SPFB.RTS-9.18,15,20180917,160000,109530.0000000,109730.0000000,109470.0000000,109700.0000000,6852
SPFB.RTS-9.18,15,20180917,161500,109710.0000000,109740.0000000,109510.0000000,109590.0000000,4945
SPFB.RTS-9.18,15,20180917,163000,109580.0000000,109740.0000000,109550.0000000,109640.0000000,8834
SPFB.RTS-9.18,15,20180917,164500,109650.0000000,109690.0000000,109570.0000000,109650.0000000,5263
SPFB.RTS-9.18,15,20180917,170000,109650.0000000,109860.0000000,109540.0000000,109690.0000000,14224
SPFB.RTS-9.18,15,20180917,171500,109690.0000000,109840.0000000,109600.0000000,109720.0000000,5642
SPFB.RTS-9.18,15,20180917,173000,109720.0000000,109840.0000000,109660.0000000,109760.0000000,3779
SPFB.RTS-9.18,15,20180917,174500,109770.0000000,109890.0000000,109520.0000000,109540.0000000,7710
SPFB.RTS-9.18,15,20180917,180000,109540.0000000,109750.0000000,109430.0000000,109740.0000000,7444
SPFB.RTS-9.18,15,20180917,181500,109740.0000000,109880.0000000,109730.0000000,109880.0000000,5651
SPFB.RTS-9.18,15,20180917,183000,109860.0000000,109990.0000000,109800.0000000,109970.0000000,9701
SPFB.RTS-9.18,15,20180917,190000,109950.0000000,109990.0000000,109790.0000000,109870.0000000,2968
SPFB.RTS-9.18,15,20180917,191500,109880.0000000,109940.0000000,109830.0000000,109830.0000000,2728
SPFB.RTS-9.18,15,20180917,193000,109830.0000000,109860.0000000,109710.0000000,109840.0000000,2860
SPFB.RTS-9.18,15,20180917,194500,109840.0000000,109910.0000000,109750.0000000,109850.0000000,2567
SPFB.RTS-9.18,15,20180917,200000,109840.0000000,109900.0000000,109800.0000000,109840.0000000,1329
SPFB.RTS-9.18,15,20180917,201500,109830.0000000,109880.0000000,109810.0000000,109850.0000000,1165
SPFB.RTS-9.18,15,20180917,203000,109850.0000000,109860.0000000,109730.0000000,109780.0000000,1588
SPFB.RTS-9.18,15,20180917,204500,109780.0000000,109870.0000000,109750.0000000,109840.0000000,1036
SPFB.RTS-9.18,15,20180917,210000,109840.0000000,109930.0000000,109840.0000000,109870.0000000,1105
SPFB.RTS-9.18,15,20180917,211500,109870.0000000,109900.0000000,109800.0000000,109830.0000000,938
SPFB.RTS-9.18,15,20180917,213000,109830.0000000,109890.0000000,109780.0000000,109850.0000000,705
SPFB.RTS-9.18,15,20180917,214500,109850.0000000,109850.0000000,109720.0000000,109730.0000000,1120
SPFB.RTS-9.18,15,20180917,220000,109730.0000000,109810.0000000,109720.0000000,109780.0000000,896
SPFB.RTS-9.18,15,20180917,221500,109790.0000000,109840.0000000,109710.0000000,109770.0000000,1402
SPFB.RTS-9.18,15,20180917,223000,109780.0000000,109800.0000000,109560.0000000,109600.0000000,2934
SPFB.RTS-9.18,15,20180917,224500,109610.0000000,109680.0000000,109470.0000000,109660.0000000,4127
SPFB.RTS-9.18,15,20180917,230000,109650.0000000,109680.0000000,109590.0000000,109600.0000000,967
SPFB.RTS-9.18,15,20180917,231500,109590.0000000,109740.0000000,109580.0000000,109670.0000000,1230
SPFB.RTS-9.18,15,20180917,233000,109660.0000000,109660.0000000,109570.0000000,109600.0000000,974
SPFB.RTS-9.18,15,20180917,234500,109600.0000000,109710.0000000,109580.0000000,109630.0000000,708
SPFB.RTS-9.18,15,20180918,100000,109720.0000000,110460.0000000,109720.0000000,110220.0000000,27102
SPFB.RTS-9.18,15,20180918,101500,110220.0000000,110660.0000000,110120.0000000,110510.0000000,15671
SPFB.RTS-9.18,15,20180918,103000,110530.0000000,110900.0000000,110510.0000000,110670.0000000,19468
SPFB.RTS-9.18,15,20180918,104500,110660.0000000,110970.0000000,110300.0000000,110470.0000000,18084
SPFB.RTS-9.18,15,20180918,110000,110470.0000000,110720.0000000,110450.0000000,110570.0000000,8588
SPFB.RTS-9.18,15,20180918,111500,110560.0000000,110850.0000000,110550.0000000,110830.0000000,5921
SPFB.RTS-9.18,15,20180918,113000,110830.0000000,110920.0000000,110660.0000000,110850.0000000,7316
SPFB.RTS-9.18,15,20180918,114500,110840.0000000,111050.0000000,110830.0000000,110890.0000000,14632
SPFB.RTS-9.18,15,20180918,120000,110880.0000000,111280.0000000,110840.0000000,111230.0000000,13834
SPFB.RTS-9.18,15,20180918,121500,111240.0000000,111280.0000000,111050.0000000,111060.0000000,10056
SPFB.RTS-9.18,15,20180918,123000,111080.0000000,111160.0000000,110840.0000000,110920.0000000,7777
SPFB.RTS-9.18,15,20180918,124500,110900.0000000,111200.0000000,110870.0000000,111120.0000000,8602
SPFB.RTS-9.18,15,20180918,130000,111100.0000000,111160.0000000,110940.0000000,110960.0000000,9817
SPFB.RTS-9.18,15,20180918,131500,110960.0000000,111050.0000000,110880.0000000,111030.0000000,7135
SPFB.RTS-9.18,15,20180918,133000,111030.0000000,111150.0000000,110980.0000000,111130.0000000,5640
SPFB.RTS-9.18,15,20180918,134500,111140.0000000,111320.0000000,111080.0000000,111210.0000000,6492
SPFB.RTS-9.18,15,20180918,140000,111240.0000000,111410.0000000,111220.0000000,111330.0000000,6276
SPFB.RTS-9.18,15,20180918,141500,111340.0000000,111420.0000000,111160.0000000,111240.0000000,7334
SPFB.RTS-9.18,15,20180918,143000,111230.0000000,111250.0000000,111120.0000000,111180.0000000,5388
SPFB.RTS-9.18,15,20180918,144500,111180.0000000,111260.0000000,111060.0000000,111210.0000000,5177
SPFB.RTS-9.18,15,20180918,150000,111220.0000000,111330.0000000,111180.0000000,111220.0000000,3806
SPFB.RTS-9.18,15,20180918,151500,111230.0000000,111360.0000000,111200.0000000,111300.0000000,3556
SPFB.RTS-9.18,15,20180918,153000,111310.0000000,111560.0000000,111290.0000000,111550.0000000,8555
SPFB.RTS-9.18,15,20180918,154500,111560.0000000,111780.0000000,111520.0000000,111720.0000000,10219
SPFB.RTS-9.18,15,20180918,160000,111720.0000000,111750.0000000,111440.0000000,111530.0000000,9894
SPFB.RTS-9.18,15,20180918,161500,111530.0000000,111620.0000000,111450.0000000,111570.0000000,9440
SPFB.RTS-9.18,15,20180918,163000,111570.0000000,111840.0000000,111510.0000000,111780.0000000,16354
SPFB.RTS-9.18,15,20180918,164500,111790.0000000,111940.0000000,111750.0000000,111870.0000000,8293
SPFB.RTS-9.18,15,20180918,170000,111870.0000000,111890.0000000,111620.0000000,111770.0000000,10343
SPFB.RTS-9.18,15,20180918,171500,111780.0000000,111970.0000000,111780.0000000,111930.0000000,8200
SPFB.RTS-9.18,15,20180918,173000,111930.0000000,112000.0000000,111840.0000000,111950.0000000,8866
SPFB.RTS-9.18,15,20180918,174500,111940.0000000,112090.0000000,111880.0000000,112070.0000000,10780
SPFB.RTS-9.18,15,20180918,180000,112090.0000000,112140.0000000,111860.0000000,112010.0000000,10329
SPFB.RTS-9.18,15,20180918,181500,112020.0000000,112170.0000000,112020.0000000,112120.0000000,7886
SPFB.RTS-9.18,15,20180918,183000,112130.0000000,112160.0000000,111890.0000000,112080.0000000,12708
SPFB.RTS-9.18,15,20180918,190000,112120.0000000,112260.0000000,111960.0000000,112010.0000000,4271
SPFB.RTS-9.18,15,20180918,191500,112020.0000000,112080.0000000,111900.0000000,111920.0000000,2491
SPFB.RTS-9.18,15,20180918,193000,111920.0000000,111990.0000000,111860.0000000,111940.0000000,2609
SPFB.RTS-9.18,15,20180918,194500,111930.0000000,111960.0000000,111790.0000000,111820.0000000,2657
SPFB.RTS-9.18,15,20180918,200000,111810.0000000,111880.0000000,111760.0000000,111760.0000000,2147
SPFB.RTS-9.18,15,20180918,201500,111770.0000000,111860.0000000,111640.0000000,111700.0000000,2686
SPFB.RTS-9.18,15,20180918,203000,111690.0000000,111810.0000000,111670.0000000,111760.0000000,3080
SPFB.RTS-9.18,15,20180918,204500,111750.0000000,111880.0000000,111700.0000000,111860.0000000,1507
SPFB.RTS-9.18,15,20180918,210000,111840.0000000,111940.0000000,111800.0000000,111920.0000000,1519
SPFB.RTS-9.18,15,20180918,211500,111910.0000000,112010.0000000,111900.0000000,111990.0000000,2115
SPFB.RTS-9.18,15,20180918,213000,112000.0000000,112000.0000000,111910.0000000,111920.0000000,737
SPFB.RTS-9.18,15,20180918,214500,111920.0000000,111940.0000000,111850.0000000,111880.0000000,934
SPFB.RTS-9.18,15,20180918,220000,111880.0000000,111890.0000000,111780.0000000,111860.0000000,1108
SPFB.RTS-9.18,15,20180918,221500,111860.0000000,111950.0000000,111810.0000000,111940.0000000,1276
SPFB.RTS-9.18,15,20180918,223000,111920.0000000,111930.0000000,111800.0000000,111850.0000000,1080
SPFB.RTS-9.18,15,20180918,224500,111840.0000000,111860.0000000,111750.0000000,111840.0000000,1750
SPFB.RTS-9.18,15,20180918,230000,111840.0000000,112030.0000000,111770.0000000,111980.0000000,2456
SPFB.RTS-9.18,15,20180918,231500,111980.0000000,112040.0000000,111930.0000000,112010.0000000,1390
SPFB.RTS-9.18,15,20180918,233000,112020.0000000,112070.0000000,111820.0000000,112060.0000000,2369
SPFB.RTS-9.18,15,20180918,234500,112050.0000000,112180.0000000,112000.0000000,112000.0000000,2240
SPFB.RTS-9.18,15,20180919,100000,112190.0000000,113220.0000000,112190.0000000,113090.0000000,27401
SPFB.RTS-9.18,15,20180919,101500,113090.0000000,113140.0000000,112780.0000000,112980.0000000,12253
SPFB.RTS-9.18,15,20180919,103000,112990.0000000,113070.0000000,112820.0000000,112930.0000000,9047
SPFB.RTS-9.18,15,20180919,104500,112920.0000000,113250.0000000,112750.0000000,113190.0000000,14510
SPFB.RTS-9.18,15,20180919,110000,113180.0000000,113370.0000000,113050.0000000,113300.0000000,14608
SPFB.RTS-9.18,15,20180919,111500,113310.0000000,113570.0000000,113130.0000000,113500.0000000,12820
SPFB.RTS-9.18,15,20180919,113000,113510.0000000,113530.0000000,113350.0000000,113420.0000000,9428
SPFB.RTS-9.18,15,20180919,114500,113430.0000000,113760.0000000,113390.0000000,113670.0000000,11220
SPFB.RTS-9.18,15,20180919,120000,113670.0000000,113720.0000000,113580.0000000,113680.0000000,8394
SPFB.RTS-9.18,15,20180919,121500,113680.0000000,113690.0000000,113480.0000000,113500.0000000,7240
SPFB.RTS-9.18,15,20180919,123000,113490.0000000,113650.0000000,113480.0000000,113580.0000000,6870
SPFB.RTS-9.18,15,20180919,124500,113580.0000000,113630.0000000,113390.0000000,113430.0000000,13364
SPFB.RTS-9.18,15,20180919,130000,113410.0000000,113710.0000000,113400.0000000,113610.0000000,13552
SPFB.RTS-9.18,15,20180919,131500,113600.0000000,113630.0000000,113500.0000000,113570.0000000,8070
SPFB.RTS-9.18,15,20180919,133000,113560.0000000,113690.0000000,113560.0000000,113640.0000000,6709
SPFB.RTS-9.18,15,20180919,134500,113640.0000000,113680.0000000,113400.0000000,113520.0000000,8284
SPFB.RTS-9.18,15,20180919,140000,113500.0000000,113590.0000000,113310.0000000,113350.0000000,4639
SPFB.RTS-9.18,15,20180919,141500,113350.0000000,113360.0000000,113180.0000000,113220.0000000,8081
SPFB.RTS-9.18,15,20180919,143000,113220.0000000,113410.0000000,113210.0000000,113270.0000000,5111
SPFB.RTS-9.18,15,20180919,144500,113280.0000000,113420.0000000,113160.0000000,113290.0000000,6256
SPFB.RTS-9.18,15,20180919,150000,113290.0000000,113400.0000000,113180.0000000,113220.0000000,5061
SPFB.RTS-9.18,15,20180919,151500,113220.0000000,113370.0000000,113180.0000000,113360.0000000,4068
SPFB.RTS-9.18,15,20180919,153000,113360.0000000,113380.0000000,113220.0000000,113290.0000000,5935
SPFB.RTS-9.18,15,20180919,154500,113290.0000000,113320.0000000,113230.0000000,113300.0000000,3418
SPFB.RTS-9.18,15,20180919,160000,113290.0000000,113440.0000000,113240.0000000,113240.0000000,5324
SPFB.RTS-9.18,15,20180919,161500,113240.0000000,113490.0000000,113230.0000000,113460.0000000,6954
SPFB.RTS-9.18,15,20180919,163000,113460.0000000,113610.0000000,113380.0000000,113460.0000000,7116
SPFB.RTS-9.18,15,20180919,164500,113460.0000000,113510.0000000,113260.0000000,113380.0000000,7157
SPFB.RTS-9.18,15,20180919,170000,113380.0000000,113400.0000000,113150.0000000,113190.0000000,9220
SPFB.RTS-9.18,15,20180919,171500,113190.0000000,113300.0000000,113130.0000000,113220.0000000,5578
SPFB.RTS-9.18,15,20180919,173000,113230.0000000,113390.0000000,113200.0000000,113220.0000000,7363
SPFB.RTS-9.18,15,20180919,174500,113210.0000000,113280.0000000,113150.0000000,113210.0000000,3778
SPFB.RTS-9.18,15,20180919,180000,113220.0000000,113360.0000000,113140.0000000,113340.0000000,5280
SPFB.RTS-9.18,15,20180919,181500,113340.0000000,113390.0000000,113230.0000000,113320.0000000,5903
SPFB.RTS-9.18,15,20180919,183000,113310.0000000,113460.0000000,113290.0000000,113400.0000000,8682
SPFB.RTS-9.18,15,20180919,190000,113480.0000000,113540.0000000,113260.0000000,113360.0000000,4721
SPFB.RTS-9.18,15,20180919,191500,113350.0000000,113430.0000000,113280.0000000,113410.0000000,2326
SPFB.RTS-9.18,15,20180919,193000,113420.0000000,113450.0000000,113270.0000000,113300.0000000,1937
SPFB.RTS-9.18,15,20180919,194500,113290.0000000,113380.0000000,113280.0000000,113380.0000000,759
SPFB.RTS-9.18,15,20180919,200000,113370.0000000,113380.0000000,113280.0000000,113340.0000000,503
SPFB.RTS-9.18,15,20180919,201500,113350.0000000,113370.0000000,113250.0000000,113270.0000000,886
SPFB.RTS-9.18,15,20180919,203000,113270.0000000,113320.0000000,113260.0000000,113300.0000000,1058
SPFB.RTS-9.18,15,20180919,204500,113300.0000000,113400.0000000,113280.0000000,113380.0000000,1004
SPFB.RTS-9.18,15,20180919,210000,113380.0000000,113450.0000000,113360.0000000,113430.0000000,1564
SPFB.RTS-9.18,15,20180919,211500,113420.0000000,113450.0000000,113380.0000000,113400.0000000,782
SPFB.RTS-9.18,15,20180919,213000,113390.0000000,113470.0000000,113380.0000000,113470.0000000,726
SPFB.RTS-9.18,15,20180919,214500,113470.0000000,113510.0000000,113440.0000000,113440.0000000,683
SPFB.RTS-9.18,15,20180919,220000,113450.0000000,113500.0000000,113450.0000000,113470.0000000,521
SPFB.RTS-9.18,15,20180919,221500,113460.0000000,113540.0000000,113400.0000000,113470.0000000,1527
SPFB.RTS-9.18,15,20180919,223000,113460.0000000,113470.0000000,113350.0000000,113420.0000000,1219
SPFB.RTS-9.18,15,20180919,224500,113410.0000000,113450.0000000,113300.0000000,113380.0000000,1446
SPFB.RTS-9.18,15,20180919,230000,113390.0000000,113440.0000000,113320.0000000,113410.0000000,704
SPFB.RTS-9.18,15,20180919,231500,113400.0000000,113630.0000000,113390.0000000,113590.0000000,1881
SPFB.RTS-9.18,15,20180919,233000,113610.0000000,113670.0000000,113530.0000000,113670.0000000,2337
SPFB.RTS-9.18,15,20180919,234500,113670.0000000,113750.0000000,113620.0000000,113700.0000000,948
SPFB.RTS-9.18,15,20180920,100000,113690.0000000,114280.0000000,113690.0000000,113930.0000000,11836
SPFB.RTS-9.18,15,20180920,101500,113940.0000000,114010.0000000,113750.0000000,113910.0000000,4122
SPFB.RTS-9.18,15,20180920,103000,113900.0000000,114590.0000000,113900.0000000,114430.0000000,9294
SPFB.RTS-9.18,15,20180920,104500,114430.0000000,114460.0000000,114280.0000000,114390.0000000,3891
SPFB.RTS-9.18,15,20180920,110000,114390.0000000,114730.0000000,114320.0000000,114640.0000000,6700
SPFB.RTS-9.18,15,20180920,111500,114640.0000000,114950.0000000,114560.0000000,114740.0000000,7109
SPFB.RTS-9.18,15,20180920,113000,114780.0000000,114830.0000000,114660.0000000,114680.0000000,3174
SPFB.RTS-9.18,15,20180920,114500,114680.0000000,114740.0000000,114610.0000000,114610.0000000,4538
SPFB.RTS-9.18,15,20180920,120000,114640.0000000,114980.0000000,114590.0000000,114950.0000000,4372
SPFB.RTS-9.18,15,20180920,121500,114940.0000000,115630.0000000,114900.0000000,115490.0000000,15984
SPFB.RTS-9.18,15,20180920,123000,115490.0000000,115500.0000000,115200.0000000,115220.0000000,3622
SPFB.RTS-9.18,15,20180920,124500,115220.0000000,115240.0000000,114520.0000000,114840.0000000,10222
SPFB.RTS-9.18,15,20180920,130000,114840.0000000,114940.0000000,114460.0000000,114660.0000000,4268
SPFB.RTS-9.18,15,20180920,131500,114670.0000000,115180.0000000,114670.0000000,115100.0000000,3512
SPFB.RTS-9.18,15,20180920,133000,115150.0000000,115500.0000000,115100.0000000,115370.0000000,4552
SPFB.RTS-9.18,15,20180920,134500,115370.0000000,115690.0000000,115220.0000000,115560.0000000,4180
SPFB.RTS-9.18,15,20180920,140000,115490.0000000,115760.0000000,115300.0000000,115470.0000000,5135
SPFB.RTS-9.18,15,20180920,141500,115450.0000000,115460.0000000,114550.0000000,114790.0000000,9923
SPFB.RTS-9.18,15,20180920,143000,114790.0000000,115290.0000000,114570.0000000,114950.0000000,7897
SPFB.RTS-9.18,15,20180920,144500,114950.0000000,115260.0000000,114440.0000000,114450.0000000,7663
SPFB.RTS-9.18,15,20180920,150000,114440.0000000,115780.0000000,114410.0000000,115480.0000000,11443
SPFB.RTS-9.18,15,20180920,151500,115480.0000000,115620.0000000,115230.0000000,115400.0000000,3700
SPFB.RTS-9.18,15,20180920,153000,115380.0000000,115400.0000000,114960.0000000,114970.0000000,5834
SPFB.RTS-9.18,15,20180920,154500,114970.0000000,114990.0000000,114900.0000000,114980.0000000,6024
SPFB.RTS-9.18,15,20180920,160000,114980.0000000,114990.0000000,114960.0000000,114980.0000000,1400
SPFB.RTS-9.18,15,20180920,161500,114980.0000000,114990.0000000,114970.0000000,114990.0000000,2876
SPFB.RTS-9.18,15,20180920,163000,114990.0000000,114990.0000000,114970.0000000,114990.0000000,1314
SPFB.RTS-9.18,15,20180920,164500,114990.0000000,114990.0000000,114970.0000000,114980.0000000,1719
SPFB.RTS-9.18,15,20180920,170000,114970.0000000,114990.0000000,114970.0000000,114970.0000000,972
SPFB.RTS-9.18,15,20180920,171500,114970.0000000,114980.0000000,114970.0000000,114970.0000000,502
SPFB.RTS-9.18,15,20180920,173000,114970.0000000,114980.0000000,114970.0000000,114970.0000000,592
SPFB.RTS-9.18,15,20180920,174500,114970.0000000,114980.0000000,114970.0000000,114980.0000000,247
SPFB.RTS-9.18,15,20180920,180000,114980.0000000,114980.0000000,114970.0000000,114980.0000000,1385
SPFB.RTS-9.18,15,20180920,181500,114980.0000000,114980.0000000,114970.0000000,114980.0000000,431
SPFB.RTS-9.18,15,20180920,183000,114980.0000000,114980.0000000,114970.0000000,114980.0000000,420
